question,answer
"What is a Subclass 500 Student Visa?","The Student Visa (Subclass 500) allows international students to come to Australia to participate in a registered full-time course of study. With this visa, you can stay in Australia for the duration of your course (usually up to 5 years), work part-time up to 48 hours per fortnight during study semesters, and travel in and out of the country. To qualify, you must be enrolled in a Course registered under the Commonwealth Register of Institutions and Courses for Overseas Students (CRICOS)."
"What are the requirements for an Australian student visa?","To apply for a Subclass 500 Student Visa, you must meet several key criteria. These include having a Confirmation of Enrolment (CoE) from a registered Australian educational provider, meeting the English language requirements (like IELTS, PTE, or TOEFL), showing proof of financial capacity to cover tuition fees and living costs, obtaining Overseas Student Health Cover (OSHC), and satisfying the Genuine Student (GS) requirement. Additionally, you must meet health and character standards, including a medical examination."
"How many hours can I work on a Subclass 500 visa?","As of July 1, 2023, international students on a Subclass 500 visa can work up to 48 hours per fortnight (two-week period) while their course of study is in session. During scheduled course breaks, such as summer and winter holidays, there are no limits on the number of hours you can work. This rule is strictly enforced by the Department of Home Affairs, and working beyond the permitted limit can lead to visa cancellation."
"What is a Subclass 485 Post-Study Work Visa?","The Temporary Graduate Visa (Subclass 485) is a post-study work visa that allows international graduates who have completed a registered course in Australia to stay, live, and work in the country temporarily. Depending on the level of qualification you completed (Bachelor, Master, or PhD), the visa can grant you a stay of 2 to 4 years. It is an excellent pathway to gain professional Australian work experience and transition to other visa subclasses."
"What are the eligibility criteria for the Subclass 485 visa?","To be eligible for the Subclass 485 Post-Study Work Visa, you must be under 50 years of age (or under 35 under recent policy updates), hold an eligible student visa or have held one within the last 6 months, and have completed a CRICOS-registered course of at least 92 weeks (2 academic years) in Australia. You must also meet the English language requirement (e.g., overall IELTS 6.5 with no band less than 5.5, or equivalent PTE), hold active health cover, and apply within 6 months of your course completion date."
"What is the Genuine Student (GS) requirement?","The Genuine Student (GS) requirement is a key assessment criteria used by the Australian Department of Home Affairs to verify that an applicant's primary intention is to obtain a quality education in Australia. It replaced the previous Genuine Temporary Entrant (GTE) requirement in early 2024. The GS check evaluates the applicant's circumstances (including family ties, employment, and economic conditions in their home country), the relevance of the chosen course to their career goals, and their understanding of living and studying in Australia."
"What is OSHC (Overseas Student Health Cover)?","Overseas Student Health Cover (OSHC) is a compulsory health insurance that international students must maintain for the entire duration of their stay in Australia on a student visa. OSHC helps cover the costs of medical and hospital care, prescription medicines, and emergency ambulance services. Popular OSHC providers in Australia include Medibank, Bupa, Allianz Care, NIB, and AHM. Your health insurance must start from the date you arrive in Australia and remain active until your visa expires."
"How do I select the right Australian university?","Selecting the right Australian university depends on several personal and academic factors. Consider the university's reputation in your specific field of study (rather than just overall rankings), the course structure, tuition fees and available scholarships, and the campus location (major cities like Sydney and Melbourne offer more jobs but higher living costs, while regional cities offer migration incentives). Additionally, look into the university's industry connections, career services, internship opportunities, and campus facilities."
"What are the Group of Eight (Go8) universities in Australia?","The Group of Eight (Go8) is a coalition of Australia's leading research-intensive universities, known for their academic prestige, high global rankings, and research output. The members are: The Australian National University (ANU), Monash University, The University of Melbourne, The University of Sydney, The University of New South Wales (UNSW), The University of Queensland (UQ), The University of Adelaide, and The University of Western Australia (UWA). Graduates from Go8 universities often benefit from strong industry connections and international recognition."
"What are the admission intakes for Australian universities?","Australian universities primarily have two main academic intakes per year: Semester 1 (Autumn Intake) which starts in late February or early March, and Semester 2 (Spring Intake) which starts in July. Some universities and private colleges also operate on a trimester system with three intakes: Semester 1 (Feb/March), Semester 2 (June/July), and Semester 3 (October/November). It is recommended to submit your application 4 to 6 months prior to the intake date to allow ample time for visa processing."
"What academic documents do I need to apply to an Australian university?","To apply to an Australian university, you generally need to provide certified copies of your academic transcripts and graduation certificates from previous studies, proof of English language proficiency (IELTS, PTE, or TOEFL test results), a valid passport bio-data page, a Statement of Purpose (SOP) explaining your study goals, and a detailed CV or resume if you have work experience. Some courses may also require letters of recommendation, portfolios, or an interview."
"What is the English language proficiency requirement for Australian universities?","To study at an Australian university, you must demonstrate sufficient English proficiency. The minimum score required depends on the course and level of study. For most Bachelor and Master programs, a minimum IELTS score of 6.5 overall (with no individual band below 6.0) or a PTE Academic score of 58 (with no communicative skill below 50) is standard. Nursing, teaching, and law courses often require higher scores, such as IELTS 7.0 or 7.5."
"What is the 80% attendance rule for international students?","Under the Education Services for Overseas Students (ESOS) Act and visa conditions, international students enrolled in non-higher education courses (like ELICOS, foundation, or VET courses) must maintain a minimum attendance rate of 80% throughout the term. While higher education courses (Bachelor and Master degrees) do not always track classroom attendance for visa reporting, they frequently enforce minimum attendance rules for tutorials, seminars, and laboratory classes to ensure academic progression."
"What happens if my attendance falls below 80%?","If your attendance falls below 80% in a course where attendance is legally monitored, your education provider is required by law to send you warning letters. If you do not provide valid medical certificates or compassionate/compelling evidence to justify your absences and your overall attendance remains below 80%, the provider must report you to the Department of Home Affairs via the PRISMS system. This is a direct breach of Student Visa Condition 8202 and can lead to the cancellation of your student visa."
"How are assignments graded in Australian universities?","Australian universities use a unique grading scale that differs from the US or UK systems. The standard grading system includes: High Distinction (HD) for scores 85% and above, Distinction (D) for 75% to 84%, Credit (C) for 65% to 74%, Pass (P) for 50% to 64%, and Fail (F) for any score below 50%. Some universities also use a Grade Point Average (GPA) on a 7-point scale (where 7 is HD and 4 is Pass) or a Weighted Average Mark (WAM) out of 100."
"How can I request an assignment extension?","If you cannot submit an assignment on time due to illness, personal crisis, or other unavoidable circumstances, you must apply for an extension before the due date. Most universities have an online student portal where you can submit an extension request along with supporting documentation, such as a Professional Practitioner Certificate (PPC) or a medical certificate from a registered GP. Short extensions (up to 3-5 days) are often approved by the unit coordinator, while longer extensions require a formal Special Consideration application."
"What is plagiarism and what are the consequences in Australian universities?","Plagiarism is the act of using someone else's work, ideas, or words without proper acknowledgment and presenting them as your own. In Australia, academic integrity is taken extremely seriously. Consequences of plagiarism can range from a formal warning and a mark of zero for the assignment, to failing the entire unit, suspension, or expulsion from the university. All universities use automated detection software like Turnitin to identify copy-pasted content and AI-generated text."
"What is ""Special Consideration"" and how do I apply for it?","Special Consideration is a formal process at Australian universities designed to support students who experience serious, short-term, and unexpected circumstances that impact their ability to complete assessments, exams, or attend classes. Eligible circumstances include severe medical illness, bereavement, or traumatic events. To apply, you must submit a formal application online, usually within 3 to 5 working days of the assessment date, supported by official evidence like a medical certificate or police report."
"What is the passing grade at Australian universities?","The minimum passing grade at almost all Australian universities is 50% (often denoted as a 'Pass' or 'P'). If you score below 50%, you will receive a 'Fail' (F) grade. Failing a unit means you will not earn the academic credits for that subject and must repeat it in a future semester, which will require paying the tuition fees for that unit again and may delay your expected graduation date."
"What is the estimated cost of living for a student in Australia?","The Australian Department of Home Affairs estimates that the basic cost of living for an individual international student is approximately AUD $29,710 per year (as of mid-2024 updates). This amount covers accommodation, food, utilities (electricity, gas, internet), transport, clothing, and entertainment. Your actual expenses will vary depending on your lifestyle and the city you live in (Sydney and Melbourne are significantly more expensive than Adelaide, Brisbane, or regional areas)."
"What are the accommodation options for international students in Australia?","International students in Australia have several accommodation options: Purpose-Built Student Accommodation (PBSA) like UniLodge, Scape, or Yugo which offer fully furnished rooms and social events; Private Rentals or Shared Houses where you rent a room in a house with other students (usually found on Flatmates.com.au or Realestate.com.au); On-Campus Residential Colleges which include meals and utilities; and Homestay where you live with an Australian host family, which is great for cultural integration."
"How do I get a public transport card and are there student concessions?","Each major Australian city has its own public transport card: Opal in Sydney/NSW, Myki in Melbourne/Victoria, Go Card in Brisbane/Queensland, and Metrocard in Adelaide/SA. Concession fares (which offer a 50% discount) are available to full-time international students in most states, including Victoria, Queensland, South Australia, and Western Australia. However, in New South Wales (Sydney), transport concessions are generally restricted to international students on specific government-funded scholarships."
"What is a Tax File Number (TFN) and do I need one to work?","A Tax File Number (TFN) is a unique 9-digit number issued by the Australian Taxation Office (ATO). You must apply for a TFN if you plan to work in Australia. While it is not legally mandatory to have one, without a TFN, your employer will be required to withhold tax from your pay at the highest marginal rate (45%). Having a TFN ensures you are taxed at the correct rate and allows you to file an annual tax return to claim back any overpaid tax."
"What is a Unique Student Identifier (USI)?","A Unique Student Identifier (USI) is a reference number made up of ten numbers and letters that creates a secure online record of your training and qualifications attained in Australia. All students undertaking nationally recognized training or higher education in Australia must have a USI. You will need it to enroll in your course, apply for commonwealth financial assistance (if eligible), and receive your official graduation certificate."
"How do I integrate into Australian culture?","Integrating into Australian culture involves embracing the local lifestyle, which is generally relaxed, outdoorsy, and multicultural. To fit in, try joining university clubs, sports groups, or volunteering organizations, which are excellent for making local friends. Understand the local slang (like 'no worries', 'G'day', and 'Arvo'), respect the diversity of the community, and participate in social activities like weekend barbecues ('barbies') or cafe outings."
"What are the weather conditions like in Australia?","Australia has a diverse climate, but since it is in the Southern Hemisphere, the seasons are reversed (Summer is Dec-Feb, Winter is June-Aug). Southern cities like Melbourne, Sydney, and Adelaide have a temperate climate with hot summers and cool, rainy winters. Northern cities like Brisbane and Cairns have a tropical climate with warm weather year-round and a wet summer season. Melbourne is famous for having 'four seasons in one day', so always carry an umbrella!"
"Can I bring my family/dependents on a student visa?","Yes, you can bring your immediate family members (spouse/de facto partner and dependent children under 18) to Australia as dependents on your Subclass 500 Student Visa. You can either include them in your initial visa application or apply to have them join you later (subsequent entrant). You must show evidence of your relationship, have sufficient funds to cover their living costs, and purchase family Overseas Student Health Cover (OSHC)."
"Can I change my course or university after arriving in Australia?","Under Student Visa Condition 8203, you must remain in a course at the same academic level or higher. If you want to change to a lower-level course, you must apply for a new student visa. Under the National Code, if you wish to transfer to a different university within the first 6 months of your principal course, you must obtain a formal 'Letter of Release' from your current provider. After 6 months of study, you are free to transfer to another provider without a release letter."
"What happens if I fail a unit/subject at university?","If you fail a unit, you must repeat it and pay the tuition fees for that subject again. Under Student Visa Condition 8202, you must maintain satisfactory academic progress. If you fail multiple subjects or fail the same subject twice, the university will flag you for academic intervention. If you continue to fail and cannot show reasonable academic progression, the university may report you to the Department of Home Affairs, which can lead to visa cancellation."
"How do I get a mobile SIM card and set up a bank account in Australia?","To set up a bank account, visit a major Australian bank (like Commonwealth Bank, ANZ, Westpac, or NAB) within your first 6 weeks of arrival with your passport, CoE, and student visa. Setting it up early avoids extra identification checks. For a mobile SIM card, you can purchase a prepaid or postpaid SIM from providers like Telstra, Optus, or Vodafone at the airport, supermarkets, or retail outlets using your passport for identity verification."
"What is the difference between Go8 and ATN universities?","The Group of Eight (Go8) universities focus heavily on research, academic prestige, and traditional academic disciplines. The Australian Technology Network (ATN) universities (such as UTS, RMIT, QUT, UniSA, and Curtin) focus more on practical, industry-linked, and technology-focused education. If you prefer research and global academic prestige, Go8 is a strong fit. If you prefer hands-on learning, industry placements, and practical skills, ATN universities are highly recommended."
